2015-01-02,46.66,47.42,46.54,46.76,27913852.0
2015-01-05,46.37,46.73,46.25,46.325,39673865.0
2015-01-06,46.38,46.749,45.54,45.65,36447854.0
2015-01-07,45.98,46.46,45.49,46.23,29114061.0
2015-01-08,46.75,47.7499,46.72,47.59,29645202.0
2015-01-09,47.61,47.82,46.9,47.19,23715642.0
2015-01-12,47.42,47.54,46.36,46.6,23651887.0
2015-01-13,46.97,47.91,46.06,46.355,35270601.0
2015-01-14,45.96,46.24,45.62,45.955,29719580.0
2015-01-15,46.22,46.38,45.41,45.48,32750779.0
2015-01-16,45.31,46.28,45.17,46.24,35695289.0
2015-01-20,46.3,46.65,45.57,46.39,36161860.0
2015-01-21,45.94,46.14,45.48,45.92,39081143.0
2015-01-22,46.38,47.135,46.08,47.13,35898035.0
2015-01-23,47.36,47.39,46.8,47.18,26211594.0
2015-01-26,47.0,47.1339,46.2399,47.01,42525530.0
2015-01-27,42.95,43.2,42.105,42.66,169163953.0
2015-01-28,42.74,42.79,41.16,41.19,84507078.0
2015-01-29,40.93,42.12,40.79,42.01,63585273.0
2015-01-30,41.55,41.58,40.35,40.4,78004944.0
2015-02-02,40.59,41.37,40.23,41.28,50352532.0
2015-02-03,41.63,41.93,41.045,41.6,52082448.0
2015-02-04,41.94,42.21,41.36,41.84,41614812.0
2015-02-05,42.22,42.64,41.855,42.45,36548168.0
2015-02-06,42.68,42.79,42.15,42.41,34616554.0
2015-02-09,42.24,42.74,42.21,42.36,31381061.0
2015-02-10,42.74,42.77,42.18,42.6,29670676.0
2015-02-11,42.65,42.65,42.21,42.38,38262509.0
2015-02-12,42.66,43.09,42.51,43.09,33268831.0
2015-02-13,43.38,43.87,43.15,43.87,40264887.0
2015-02-17,43.97,44.0,43.19,43.58,33695749.0
2015-02-18,43.63,43.7,43.39,43.53,27111657.0
2015-02-19,43.18,43.5263,43.05,43.5,27603420.0
2015-02-20,43.51,43.88,43.29,43.855,29721133.0
2015-02-23,43.7,44.19,43.65,44.15,32518754.0
2015-02-24,44.15,44.3,43.92,44.09,25271747.0
2015-02-25,43.95,44.09,43.8,43.99,29759820.0
2015-02-26,43.99,44.23,43.89,44.055,28957329.0
2015-02-27,44.13,44.2,43.66,43.85,33807740.0
2015-03-02,43.67,44.19,43.55,43.88,31924049.0
2015-03-03,43.56,43.825,43.09,43.28,31748648.0
2015-03-04,43.01,43.21,42.88,43.055,25748692.0
2015-03-05,43.07,43.24,42.82,43.11,23193541.0
2015-03-06,43.0,43.11,42.15,42.36,36248785.0
2015-03-09,42.19,43.125,42.19,42.85,32107957.0
2015-03-10,42.35,42.71,42.03,42.03,39159730.0
2015-03-11,42.31,42.37,41.84,41.98,32215314.0
2015-03-12,41.33,41.65,40.86,41.02,59992502.0
2015-03-13,40.7,41.47,40.61,41.38,58007705.0
2015-03-16,41.47,41.64,41.28,41.56,35273452.0
2015-03-17,41.37,41.83,41.15,41.695,31673448.0
2015-03-18,41.43,42.83,41.33,42.5,44194771.0
2015-03-19,42.26,42.59,42.22,42.285,33879066.0
2015-03-20,42.56,42.98,42.49,42.88,71904529.0
2015-03-23,42.88,43.13,42.78,42.855,26246086.0
2015-03-24,42.78,43.17,42.75,42.9,25513252.0
2015-03-25,42.92,42.925,41.44,41.46,43469907.0
2015-03-26,41.22,41.61,40.92,41.21,37495627.0
2015-03-27,41.12,41.43,40.83,40.97,34401398.0
2015-03-30,41.1,41.54,40.91,40.96,35049662.0
2015-03-31,40.78,41.03,40.54,40.655,34887219.0
2015-04-01,40.6,40.76,40.31,40.72,36865322.0
2015-04-02,40.66,40.74,40.12,40.29,37487476.0
2015-04-06,40.34,41.78,40.18,41.545,39223692.0
2015-04-07,41.61,41.91,41.31,41.53,28809375.0
2015-04-08,41.46,41.69,41.04,41.42,24753438.0
2015-04-09,41.25,41.62,41.25,41.48,25723861.0
2015-04-10,41.63,41.95,41.41,41.72,28022002.0
2015-04-13,41.4,42.06,41.39,41.76,30276692.0
2015-04-14,41.8,42.03,41.39,41.65,24244382.0
2015-04-15,41.76,42.46,41.68,42.255,27343581.0
2015-04-16,41.95,42.34,41.82,42.16,22509652.0
2015-04-17,41.67,41.74,41.16,41.615,42387608.0
2015-04-20,41.73,43.17,41.68,42.905,46057733.0
2015-04-21,43.0,43.15,42.53,42.635,26013844.0
2015-04-22,42.67,43.13,42.55,42.985,25064273.0
2015-04-23,42.89,43.61,42.8,43.34,46309530.0
2015-04-24,45.66,48.14,45.65,47.87,130933665.0
2015-04-27,47.23,48.13,47.22,48.03,59248172.0
2015-04-28,47.78,49.21,47.7,49.155,60730778.0
2015-04-29,48.72,49.31,48.5,49.06,47804562.0
2015-04-30,48.7,49.54,48.6,48.64,64725457.0
2015-05-01,48.58,48.875,48.4,48.655,38937336.0
2015-05-04,48.37,48.87,48.18,48.24,34039485.0
2015-05-05,47.82,48.16,47.31,47.6,50369191.0
2015-05-06,47.57,47.77,46.02,46.28,52433020.0
2015-05-07,46.27,47.085,46.16,46.7,32971654.0
2015-05-08,47.55,47.98,47.52,47.75,35364911.0
2015-05-11,47.55,47.91,47.37,47.37,24609416.0
2015-05-12,46.85,47.68,46.42,47.35,29928264.0
2015-05-13,48.19,48.32,47.57,47.625,34184613.0
2015-05-14,48.0301,48.82,48.03,48.72,32980892.0
2015-05-15,48.87,48.905,48.05,48.295,28642694.0
2015-05-18,47.98,48.22,47.61,48.01,24136502.0
2015-05-19,47.56,47.81,47.18,47.58,28574813.0
2015-05-20,47.39,47.93,47.27,47.58,25047919.0
2015-05-21,47.28,47.6,47.005,47.42,22410698.0
2015-05-22,47.3,47.35,46.82,46.9,25720583.0
2015-05-26,46.83,46.88,46.19,46.59,29581860.0
2015-05-27,46.82,47.77,46.62,47.61,27335639.0
2015-05-28,47.5,48.02,47.39,47.45,19283666.0
2015-05-29,47.43,47.57,46.59,46.86,36519594.0
2015-06-01,47.06,47.77,46.62,47.23,28837332.0
2015-06-02,46.93,47.35,46.62,46.92,21498326.0
2015-06-03,47.37,47.735,46.82,46.85,28002154.0
2015-06-04,46.79,47.16,46.2,46.36,27745512.0
2015-06-05,46.31,46.52,45.84,46.14,25438086.0
2015-06-08,46.3,46.43,45.67,45.73,22121634.0
2015-06-09,45.76,45.94,45.46,45.65,24406057.0
2015-06-10,45.79,46.83,45.69,46.61,28417405.0
2015-06-11,46.66,46.92,46.13,46.44,27347758.0
2015-06-12,46.22,46.47,45.9,45.97,23930972.0
2015-06-15,45.45,45.65,45.0201,45.475,33254517.0
2015-06-16,45.35,46.24,45.3,45.83,27070306.0
2015-06-17,45.73,46.07,45.36,45.97,28704061.0
2015-06-18,46.22,46.8,46.17,46.72,32658343.0
2015-06-19,46.79,46.825,45.99,46.1,63837036.0
2015-06-22,46.33,46.72,46.16,46.23,20318055.0
2015-06-23,46.13,46.28,45.62,45.91,25896473.0
2015-06-24,45.67,46.245,45.55,45.635,34890901.0
2015-06-25,46.03,46.06,45.5,45.65,20615995.0
2015-06-26,45.65,46.28,45.03,45.26,49835287.0
2015-06-29,45.04,45.23,44.36,44.37,34081746.0
2015-06-30,44.71,44.72,43.94,44.15,35945384.0
2015-07-01,44.46,45.23,44.1,44.445,28343907.0
2015-07-02,44.48,44.75,44.06,44.4,21752013.0
2015-07-06,43.96,44.48,43.95,44.39,23033961.0
2015-07-07,44.34,44.49,43.32,44.3,36435827.0
2015-07-08,44.44,44.9,44.03,44.24,39785901.0
2015-07-09,44.75,45.22,44.5,44.52,32424672.0
2015-07-10,45.01,45.14,44.57,44.61,25465757.0
2015-07-13,44.975,45.62,44.9501,45.54,28178329.0
2015-07-14,45.45,45.96,45.31,45.62,22880260.0
2015-07-15,45.68,45.89,45.43,45.76,26629615.0
2015-07-16,46.01,46.69,45.965,46.66,26271673.0
2015-07-17,46.55,46.78,46.26,46.62,29467107.0
2015-07-20,46.65,47.13,46.44,46.92,30631905.0
2015-07-21,46.78,47.33,46.48,47.28,42781899.0
2015-07-22,45.44,46.93,45.203,45.54,59152427.0
2015-07-23,45.27,46.23,45.1,46.11,33934010.0
2015-07-24,45.91,46.32,45.8,45.94,32333244.0
2015-07-27,45.94,46.01,45.25,45.35,39701420.0
2015-07-28,45.58,45.639,44.79,45.34,34328948.0
2015-07-29,45.4,46.78,45.26,46.29,40945864.0
2015-07-30,46.26,47.4,45.93,46.88,39777883.0
2015-07-31,47.29,47.37,46.5,46.7,31201480.0
2015-08-03,46.98,47.0,46.45,46.81,24125886.0
2015-08-04,46.75,47.71,46.68,47.54,33403916.0
2015-08-05,47.98,48.41,47.54,47.58,26739584.0
2015-08-06,47.71,47.77,46.33,46.62,27368000.0
2015-08-07,46.39,46.78,46.26,46.74,19163038.0
2015-08-10,46.95,47.49,46.84,47.33,23079870.0
2015-08-11,46.82,46.94,45.9,46.41,29237402.0
2015-08-12,46.19,46.9,45.705,46.74,30198532.0
2015-08-13,47.06,47.1,46.49,46.73,22627241.0
2015-08-14,46.53,47.1,46.52,47.0,21473402.0
2015-08-17,46.81,47.45,46.57,47.32,21099746.0
2015-08-18,46.84,47.43,46.7,47.27,23574104.0
2015-08-19,46.78,47.08,46.3,46.61,31485511.0
2015-08-20,46.07,46.47,45.66,45.66,36238227.0
2015-08-21,45.3,45.48,43.07,43.07,70053084.0
2015-08-24,40.45,43.31,39.72,41.68,88753660.0
2015-08-25,42.565,43.24,40.39,40.47,70616597.0
2015-08-26,42.01,42.84,41.06,42.71,63407996.0
2015-08-27,43.14,43.95,42.925,43.9,50943211.0
2015-08-28,43.47,44.15,43.39,43.93,28246725.0
2015-08-31,43.74,43.93,43.1,43.52,34441662.0
2015-09-01,42.23,42.59,41.66,41.82,49688896.0
2015-09-02,42.24,43.38,41.88,43.36,37671518.0
2015-09-03,43.41,43.98,43.28,43.5,28285205.0
2015-09-04,42.81,43.04,42.195,42.61,37138775.0
2015-09-08,43.3,44.0,43.2,43.89,32469766.0
2015-09-09,44.21,44.4,42.91,43.07,33469485.0
2015-09-10,43.12,43.79,42.745,43.29,31366630.0
2015-09-11,43.14,43.59,42.9399,43.48,27132527.0
2015-09-14,43.43,43.44,42.86,43.04,23656048.0
2015-09-15,43.19,44.29,43.08,43.98,28882206.0
2015-09-16,43.97,44.38,43.84,44.3,23372162.0
2015-09-17,44.29,45.0,44.08,44.25,32768161.0
2015-09-18,43.5,43.99,43.33,43.48,63143684.0
2015-09-21,43.62,44.47,43.6,44.11,26177224.0
2015-09-22,43.38,44.05,43.31,43.9,28085903.0
2015-09-23,43.93,44.17,43.51,43.87,17145238.0
2015-09-24,43.45,44.13,43.27,43.91,27905607.0
2015-09-25,44.48,44.73,43.76,43.94,29384601.0
2015-09-28,43.83,44.085,43.205,43.29,27099680.0
2015-09-29,43.37,43.57,43.05,43.44,32763557.0
2015-09-30,43.88,44.3,43.66,44.26,33172693.0
2015-10-01,44.75,44.75,43.75,44.61,28657859.0
2015-10-02,44.27,45.57,43.92,45.57,41839035.0
2015-10-05,45.745,46.89,45.7,46.63,34369286.0
2015-10-06,46.33,47.175,46.22,46.75,27510808.0
2015-10-07,47.1,47.35,45.95,46.8,27711492.0
2015-10-08,46.56,47.515,46.5,47.45,33772709.0
2015-10-09,47.45,47.54,46.92,47.11,28600632.0
2015-10-12,46.98,47.07,46.5,47.0,19769066.0
2015-10-13,46.56,47.1299,46.56,46.89,19987816.0
2015-10-14,46.65,47.1,46.53,46.68,24697766.0
2015-10-15,47.01,47.03,46.53,47.01,27189370.0
2015-10-16,47.02,47.54,46.897,47.51,26450334.0
2015-10-19,47.42,47.88,47.02,47.62,29387581.0
2015-10-20,47.44,47.81,47.02,47.77,30802235.0
2015-10-21,47.92,47.99,47.11,47.2,25264710.0
2015-10-22,47.53,48.95,47.09,48.03,56637074.0
2015-10-23,52.3,54.07,52.25,52.87,135227059.0
2015-10-26,52.53,54.32,52.5,54.25,64633324.0
2015-10-27,53.99,54.37,53.58,53.69,50999907.0
2015-10-28,53.54,53.98,52.86,53.98,47000753.0
2015-10-29,53.54,53.83,53.22,53.36,30202078.0
2015-10-30,53.32,53.99,52.62,52.64,46619761.0
2015-11-02,52.85,53.36,52.62,53.24,30284982.0
2015-11-03,52.93,54.39,52.9,54.15,36596931.0
2015-11-04,54.18,54.88,54.06,54.4,37087849.0
2015-11-05,54.49,54.7,54.0,54.38,31468485.0
2015-11-06,54.085,54.98,53.964,54.92,32851204.0
2015-11-09,54.55,54.87,53.56,54.16,32513067.0
2015-11-10,54.07,54.13,53.27,53.51,55283697.0
2015-11-11,53.7,54.2,53.46,53.65,36516260.0
2015-11-12,53.48,53.9791,53.19,53.32,35361095.0
2015-11-13,53.07,53.29,52.53,52.84,36848175.0
2015-11-16,53.08,53.89,52.85,53.765,32165198.0
2015-11-17,53.17,53.53,52.85,52.97,31546754.0
2015-11-18,53.0,53.98,52.9799,53.85,29710030.0
2015-11-19,53.99,54.66,53.781,53.94,28149228.0
2015-11-20,54.25,54.3,53.265,54.19,37147608.0
2015-11-23,54.25,54.46,53.75,54.19,28235918.0
2015-11-24,53.92,54.44,53.58,54.25,24600043.0
2015-11-25,54.09,54.23,53.69,53.69,21005147.0
2015-11-27,53.8,54.08,53.79,53.93,9009132.0
2015-11-30,54.54,54.96,53.9999,54.35,56241417.0
2015-12-01,54.41,55.23,54.3,55.22,39952779.0
2015-12-02,55.32,55.96,55.06,55.21,47274879.0
2015-12-03,55.49,55.77,53.93,54.2,38627835.0
2015-12-04,54.12,56.23,54.1,55.91,43963662.0
2015-12-07,55.79,55.97,55.29,55.81,30709765.0
2015-12-08,55.47,56.1,54.99,55.79,32878026.0
2015-12-09,55.37,55.87,54.51,54.98,36373209.0
2015-12-10,55.39,55.655,55.01,55.27,31775826.0
2015-12-11,54.71,55.1,54.01,54.06,39549497.0
2015-12-14,54.33,55.21,53.68,55.14,47006491.0
2015-12-15,55.66,55.9,55.09,55.2,39842998.0
2015-12-16,55.54,56.245,54.76,56.13,37503300.0
2015-12-17,56.36,56.79,55.5348,55.7,41280907.0
2015-12-18,55.77,56.0,54.03,54.13,84684164.0
2015-12-21,54.88,55.35,54.2262,54.83,37246325.0
2015-12-22,54.99,55.48,54.5,55.35,28322241.0
2015-12-23,55.7,55.88,55.44,55.82,27279832.0
2015-12-24,55.86,55.96,55.43,55.67,9570002.0
2015-12-28,55.35,55.95,54.98,55.95,22458293.0
2015-12-29,56.29,56.85,56.06,56.55,27731403.0
2015-12-30,56.47,56.78,56.2875,56.31,21704505.0
2015-12-31,56.04,56.19,55.42,55.48,27334061.0
2016-01-04,54.32,54.8,53.39,54.8,53777963.0
2016-01-05,54.93,55.39,54.54,55.05,34079674.0
2016-01-06,54.32,54.4001,53.64,54.05,39518863.0
2016-01-07,52.7,53.485,52.07,52.17,56564852.0
2016-01-08,52.37,53.28,52.15,52.33,48753969.0
2016-01-11,52.51,52.85,51.46,52.3,36943756.0
2016-01-12,52.76,53.1,52.06,52.78,36095539.0
2016-01-13,53.8,54.07,51.3038,51.64,66883571.0
2016-01-14,52.0,53.4163,51.57,53.11,52381918.0
2016-01-15,51.31,51.97,50.34,50.99,71820697.0
2016-01-19,51.48,51.68,50.06,50.56,43564538.0
2016-01-20,49.98,51.38,49.1,50.79,63272993.0
2016-01-21,51.0,51.58,50.3,50.48,40191157.0
2016-01-22,51.41,52.33,51.26,52.29,37555789.0
2016-01-25,51.94,52.65,51.65,51.79,34707717.0
2016-01-26,51.79,52.44,51.55,52.17,28900820.0
2016-01-27,52.01,52.2,51.0201,51.22,36775194.0
2016-01-28,51.86,52.21,51.25,52.055,62513789.0
2016-01-29,54.73,55.09,54.0,55.09,83611686.0
2016-02-01,54.88,55.09,54.495,54.71,44208542.0
2016-02-02,54.17,54.26,52.65,53.0,56313753.0
2016-02-03,53.25,53.39,51.26,52.16,57559814.0
2016-02-04,52.1,52.81,51.37,52.0,46987123.0
2016-02-05,51.94,52.0,49.56,50.16,62008994.0
2016-02-08,49.55,49.57,48.19,49.41,59290497.0
2016-02-09,49.02,50.24,48.67,49.28,46740474.0
2016-02-10,49.89,50.39,49.52,49.71,38236954.0
2016-02-11,48.68,50.11,48.51,49.69,48878571.0
2016-02-12,50.25,50.68,49.75,50.5,34243324.0
2016-02-16,50.9,51.09,50.13,51.09,37291208.0
2016-02-17,51.49,52.77,51.45,52.42,40788968.0
2016-02-18,52.33,52.95,52.1,52.19,27176035.0
2016-02-19,51.97,52.28,51.53,51.82,33559073.0
2016-02-22,52.28,53.0,52.28,52.65,25008291.0
2016-02-23,52.34,52.37,50.98,51.18,28895274.0
2016-02-24,50.69,51.5,50.2,51.36,33014457.0
2016-02-25,51.73,52.1,50.61,52.1,26939467.0
2016-02-26,52.6,52.68,51.1,51.3,35975925.0
2016-02-29,51.35,51.65,50.66,50.88,31654036.0
2016-03-01,50.97,52.59,50.9199,52.58,33024535.0
2016-03-02,52.41,52.96,52.155,52.95,29289884.0
2016-03-03,52.97,52.97,51.78,52.35,24427813.0
2016-03-04,52.4,52.45,51.71,52.03,33034150.0
2016-03-07,51.56,51.8,50.58,51.03,38428816.0
2016-03-08,50.8,52.13,50.595,51.65,33075517.0
2016-03-09,51.89,52.85,51.855,52.84,28251588.0
2016-03-10,52.93,52.94,51.16,52.05,38387804.0
2016-03-11,53.0,53.07,52.38,53.07,32275677.0
2016-03-14,52.71,53.59,52.63,53.17,24083616.0
2016-03-15,52.75,53.59,52.74,53.59,21104763.0
2016-03-16,53.45,54.6,53.4,54.35,31691742.0
2016-03-17,54.21,55.0,54.0,54.66,28223947.0
2016-03-18,54.92,54.97,53.445,53.49,67625518.0
2016-03-21,53.25,53.9298,52.93,53.86,23925716.0
2016-03-22,53.61,54.25,53.46,54.07,23124143.0
2016-03-23,54.11,54.24,53.74,53.97,20129015.0
2016-03-24,53.84,54.33,53.73,54.21,19949972.0
2016-03-28,54.21,54.29,53.33,53.54,17025050.0
2016-03-29,53.66,54.86,53.45,54.71,23924329.0
2016-03-30,54.93,55.64,54.9,55.05,23008260.0
2016-03-31,54.95,55.59,54.86,55.23,26360495.0
2016-04-01,55.05,55.61,54.57,55.57,24399193.0
2016-04-04,55.43,55.66,55.0,55.43,18928810.0
2016-04-05,55.19,55.3,54.46,54.56,19272255.0
2016-04-06,54.36,55.2,54.21,55.12,21188682.0
2016-04-07,54.87,54.91,54.23,54.46,19225092.0
2016-04-08,54.67,55.28,54.32,54.42,22167223.0
2016-04-11,54.49,55.15,54.3,54.31,21414227.0
2016-04-12,54.37,54.78,53.76,54.65,24944288.0
2016-04-13,55.12,55.4375,54.89,55.35,20817961.0
2016-04-14,55.22,55.575,55.07,55.36,20877108.0
2016-04-15,55.3,55.92,55.11,55.65,28793753.0
2016-04-18,55.49,56.59,55.21,56.46,23785950.0
2016-04-19,56.63,56.77,55.68,56.39,29596827.0
2016-04-20,56.29,56.5,55.485,55.59,36195714.0
2016-04-21,55.8,56.23,55.415,55.78,38909096.0
2016-04-22,51.91,52.4297,50.77,51.78,126834091.0
2016-04-25,51.78,52.13,51.63,52.11,33226948.0
2016-04-26,52.26,52.35,51.09,51.44,33532636.0
2016-04-27,51.48,51.5,50.55,50.94,43369256.0
2016-04-28,50.62,50.77,49.56,49.9,43134846.0
2016-04-29,49.35,50.25,49.35,49.87,48411684.0
2016-05-02,50.0,50.75,49.7799,50.61,33114539.0
2016-05-03,50.34,50.41,49.6,49.78,26460244.0
2016-05-04,49.84,50.06,49.46,49.87,24257556.0
2016-05-05,49.87,50.3,49.73,49.94,25390718.0
2016-05-06,49.92,50.39,49.66,50.39,24787301.0
2016-05-09,50.49,50.585,50.0,50.07,17951598.0
2016-05-10,50.33,51.1,50.19,51.02,22890966.0
2016-05-11,51.13,51.78,51.0,51.05,24039140.0
2016-05-12,51.2,51.81,50.92,51.51,24102781.0
2016-05-13,51.44,51.895,51.04,51.08,22592342.0
2016-05-16,50.8,51.96,50.75,51.83,20032017.0
2016-05-17,51.72,51.73,50.36,50.51,27803514.0
2016-05-18,50.48,51.14,50.3,50.81,24907532.0
2016-05-19,50.47,50.62,49.82,50.32,23842358.0
2016-05-20,50.48,51.22,50.4,50.62,23905769.0
2016-05-23,50.6,50.68,49.98,50.03,26118720.0
2016-05-24,50.7,51.71,50.4,51.59,34757944.0
2016-05-25,51.92,52.49,51.79,52.12,24204566.0
2016-05-26,51.93,51.9793,51.36,51.89,24335223.0
2016-05-27,51.92,52.32,51.77,52.32,17721438.0
2016-05-31,52.26,53.0,52.08,53.0,37653081.0
2016-06-01,52.44,52.95,52.44,52.85,25324828.0
2016-06-02,52.64,52.74,51.835,52.48,22840779.0
2016-06-03,52.38,52.42,51.6,51.79,23368291.0
2016-06-06,51.99,52.35,51.89,52.13,18243271.0
2016-06-07,52.24,52.73,52.1,52.1,20866770.0
2016-06-08,52.02,52.44,51.87,52.04,21149438.0
2016-06-09,52.0,52.0,51.49,51.62,20305664.0
2016-06-10,51.05,52.05,51.04,51.48,25833151.0
2016-06-13,49.58,50.715,49.06,50.14,83217844.0
2016-06-14,49.9,50.1,49.57,49.83,42577106.0
2016-06-15,49.78,50.12,49.69,49.69,33757639.0
2016-06-16,49.52,50.47,49.5068,50.39,31188605.0
2016-06-17,50.41,50.43,49.82,50.13,45710516.0
2016-06-20,50.64,50.83,50.03,50.07,35607946.0
2016-06-21,50.2,51.43,50.16,51.19,34097825.0
2016-06-22,51.08,51.46,50.9525,50.99,28816848.0
2016-06-23,51.28,52.06,51.15,51.91,29028833.0
2016-06-24,49.81,50.94,49.52,49.83,133502985.0
2016-06-27,49.1,49.1466,48.035,48.43,50576699.0
2016-06-28,48.92,49.47,48.67,49.44,38140658.0
2016-06-29,49.91,50.72,49.8,50.54,31304021.0
2016-06-30,50.72,51.3,50.5,51.17,28527781.0
2016-07-01,51.13,51.72,51.07,51.16,21400392.0
2016-07-05,50.83,51.28,50.74,51.17,24806351.0
2016-07-06,50.78,51.54,50.39,51.38,28167461.0
2016-07-07,51.42,51.61,51.07,51.38,19585194.0
2016-07-08,51.73,52.36,51.55,52.3,28391026.0
2016-07-11,52.5,52.83,52.47,52.59,22269203.0
2016-07-12,52.94,53.4,52.785,53.21,27317555.0
2016-07-13,53.56,53.86,53.18,53.51,25356841.0
2016-07-14,53.84,53.99,53.58,53.74,24545520.0
2016-07-15,53.95,54.0,53.21,53.7,32024385.0
2016-07-18,53.7,54.34,53.55,53.96,31433864.0
2016-07-19,53.71,53.9,52.93,53.09,53336533.0
2016-07-20,56.15,56.84,55.53,55.91,89893301.0
2016-07-21,55.98,56.23,55.76,55.8,32776653.0
2016-07-22,56.08,56.6275,55.78,56.57,32157167.0
2016-07-25,56.47,56.74,56.255,56.73,25610587.0
2016-07-26,56.52,57.29,56.51,56.76,28078995.0
2016-07-27,56.61,56.8,56.11,56.19,32327477.0
2016-07-28,56.0,56.37,55.72,56.21,37550411.0
2016-07-29,56.26,56.76,56.05,56.68,30558718.0
2016-08-01,56.6,56.75,56.14,56.58,26003419.0
2016-08-02,56.85,56.9,56.31,56.58,35121958.0
2016-08-03,56.68,57.11,56.49,56.97,22075616.0
2016-08-04,56.8,57.5193,56.67,57.39,26587749.0
2016-08-05,57.65,58.21,57.45,57.96,29335221.0
2016-08-08,58.055,58.085,57.78,58.06,19473499.0
2016-08-09,58.17,58.5,58.02,58.2,16920721.0
2016-08-10,58.16,58.32,57.82,58.02,15756913.0
2016-08-11,58.03,58.45,58.03,58.3,18162301.0
2016-08-12,58.03,58.19,57.62,57.94,21655161.0
2016-08-15,58.01,58.5,57.96,58.12,19283902.0
2016-08-16,57.61,57.62,57.27,57.44,20523493.0
2016-08-17,57.54,57.68,57.23,57.56,18856423.0
2016-08-18,57.42,57.7,57.27,57.6,14214341.0
2016-08-19,57.43,57.73,57.2,57.62,17271044.0
2016-08-22,57.6,57.75,57.26,57.67,15221922.0
2016-08-23,57.9,58.18,57.85,57.89,18732373.0
2016-08-24,57.8,58.04,57.715,57.95,18151506.0
2016-08-25,57.88,58.29,57.78,58.17,18552579.0
2016-08-26,58.28,58.7,57.69,58.03,20971202.0
2016-08-29,58.18,58.6,58.1,58.1,16417207.0
2016-08-30,57.98,58.19,57.61,57.89,16930185.0
2016-08-31,57.65,57.8,57.3,57.46,20860269.0
2016-09-01,57.01,57.82,57.01,57.59,26075363.0
2016-09-02,57.67,58.19,57.42,57.67,18900489.0
2016-09-06,57.78,57.8,57.21,57.61,16278416.0
2016-09-07,57.47,57.84,57.405,57.66,17493359.0
2016-09-08,57.63,57.79,57.18,57.43,20146083.0
2016-09-09,56.79,57.52,56.21,56.21,35113934.0
2016-09-12,56.0,57.205,55.61,57.05,29302962.0
2016-09-13,56.5,56.65,56.05,56.53,30130213.0
2016-09-14,56.39,56.63,56.03,56.26,24274273.0
2016-09-15,56.15,57.35,55.98,57.19,27062614.0
2016-09-16,57.63,57.63,56.75,57.25,44606965.0
2016-09-19,57.27,57.75,56.85,56.93,20937104.0
2016-09-20,57.35,57.35,56.75,56.81,17383982.0
2016-09-21,57.51,57.85,57.08,57.76,33707272.0
2016-09-22,57.92,58.0,57.63,57.82,19822203.0
2016-09-23,57.87,57.91,57.38,57.43,19955336.0
2016-09-26,57.08,57.14,56.83,56.9,21688720.0
2016-09-27,56.93,58.06,56.681,57.95,28065071.0
2016-09-28,57.88,58.06,57.67,58.03,20536400.0
2016-09-29,57.81,58.1679,57.21,57.4,25463536.0
2016-09-30,57.57,57.77,57.34,57.6,29910788.0
2016-10-03,57.405,57.55,57.06,57.42,19189515.0
2016-10-04,57.27,57.595,56.97,57.24,20085874.0
2016-10-05,57.29,57.9601,57.26,57.64,16726411.0
2016-10-06,57.74,57.86,57.28,57.74,16212611.0
2016-10-07,57.85,57.98,57.42,57.8,20089020.0
2016-10-10,57.91,58.39,57.87,58.04,18196509.0
2016-10-11,57.89,58.02,56.89,57.19,26497418.0
2016-10-12,57.11,57.27,56.4,57.11,22177464.0
2016-10-13,56.7,57.3,56.315,56.92,25313748.0
2016-10-14,57.12,57.74,57.12,57.42,27402451.0
2016-10-17,57.36,57.46,56.87,57.22,23830014.0
2016-10-18,57.53,57.945,57.41,57.66,19149538.0
2016-10-19,57.47,57.84,57.395,57.53,22878397.0
2016-10-20,57.5,57.52,56.66,57.25,49455612.0
2016-10-21,60.28,60.45,59.485,59.66,80032206.0
2016-10-24,59.94,61.0,59.93,61.0,54066978.0
2016-10-25,60.85,61.3699,60.8,60.99,35137164.0
2016-10-26,60.81,61.2,60.47,60.63,29911608.0
2016-10-27,60.61,60.83,60.09,60.1,28479856.0
2016-10-28,60.01,60.52,59.58,59.87,33574684.0
2016-10-31,60.16,60.42,59.92,59.92,26434697.0
2016-11-01,59.97,60.02,59.25,59.8,24532986.0
2016-11-02,59.82,59.93,59.3,59.43,22147005.0
2016-11-03,59.53,59.64,59.11,59.21,21600427.0
2016-11-04,58.65,59.28,58.52,58.71,28697016.0
2016-11-07,59.78,60.52,59.78,60.42,31664798.0
2016-11-08,60.55,60.78,60.15,60.47,22935355.0
2016-11-09,60.0,60.59,59.2,60.17,49632479.0
2016-11-10,60.48,60.49,57.6302,58.7,57822394.0
2016-11-11,58.23,59.116,58.01,59.02,38767843.0
2016-11-14,59.02,59.08,57.28,58.12,41328422.0
2016-11-15,58.33,59.49,58.315,58.87,35904126.0
2016-11-16,58.94,59.66,58.81,59.65,27332475.0
2016-11-17,60.41,60.95,59.965,60.64,32132728.0
2016-11-18,60.78,61.14,60.3,60.35,27686311.0
2016-11-21,60.5,60.97,60.42,60.86,19652595.0
2016-11-22,60.98,61.26,60.805,61.12,23206700.0
2016-11-23,61.01,61.1,60.25,60.4,21848913.0
2016-11-25,60.3,60.53,60.13,60.53,8409616.0
2016-11-28,60.34,61.02,60.21,60.61,20732619.0
2016-11-29,60.65,61.41,60.52,61.09,22366721.0
2016-11-30,60.86,61.18,60.215,60.26,34655435.0
2016-12-01,60.11,60.15,58.935,59.2,34542121.0
2016-12-02,59.08,59.47,58.8,59.25,25515665.0
2016-12-05,59.7,60.585,59.56,60.22,23552658.0
2016-12-06,60.43,60.46,59.8,59.95,19907035.0
2016-12-07,60.01,61.38,59.8,61.37,30808969.0
2016-12-08,61.3,61.58,60.84,61.01,21220753.0
2016-12-09,61.18,61.99,61.125,61.97,27349356.0
2016-12-12,61.82,62.3,61.72,62.17,20198081.0
2016-12-13,62.5,63.42,62.24,62.98,35718868.0
2016-12-14,63.0,63.45,62.53,62.68,30352654.0
2016-12-15,62.7,63.1535,62.3,62.58,27669868.0
2016-12-16,62.95,62.95,62.115,62.3,42453083.0
2016-12-19,62.56,63.77,62.42,63.62,34338219.0
2016-12-20,63.69,63.8,63.025,63.54,26028379.0
2016-12-21,63.43,63.7,63.12,63.54,17096304.0
2016-12-22,63.84,64.1,63.405,63.55,22176585.0
2016-12-23,63.45,63.54,62.8,63.24,12403819.0
2016-12-27,63.21,64.07,63.21,63.28,11763173.0
2016-12-28,63.4,63.4,62.83,62.99,14653348.0
2016-12-29,62.86,63.2,62.73,62.9,10250582.0
2016-12-30,62.96,62.99,62.03,62.14,25579908.0
2017-01-03,62.79,62.84,62.125,62.58,20694101.0
2017-01-04,62.48,62.75,62.12,62.3,21339969.0
2017-01-05,62.19,62.66,62.03,62.3,24875968.0
2017-01-06,62.3,63.15,62.04,62.84,19922919.0
2017-01-09,62.76,63.08,62.54,62.64,20382730.0
2017-01-10,62.73,63.07,62.28,62.62,18593004.0
2017-01-11,62.61,63.23,62.43,63.19,21517335.0
2017-01-12,63.06,63.4,61.95,62.61,20968223.0
2017-01-13,62.62,62.865,62.35,62.7,19422310.0
2017-01-17,62.68,62.7,62.03,62.53,20663983.0
2017-01-18,62.67,62.7,62.12,62.5,19670102.0
2017-01-19,62.24,62.98,62.195,62.3,18451655.0
2017-01-20,62.67,62.82,62.37,62.74,30213462.0
2017-01-23,62.7,63.1159,62.57,62.96,23097581.0
2017-01-24,63.2,63.735,62.94,63.52,24672940.0
2017-01-25,63.95,64.1,63.45,63.68,24654933.0
2017-01-26,64.12,64.535,63.55,64.27,43554645.0
2017-01-27,65.39,65.91,64.89,65.78,44817972.0
2017-01-30,65.69,65.79,64.8,65.13,31651445.0
2017-01-31,64.86,65.15,64.26,64.65,25270549.0
2017-02-01,64.355,64.62,63.47,63.58,39671528.0
2017-02-02,63.25,63.41,62.75,63.17,45827013.0
2017-02-03,63.5,63.7,63.07,63.68,30301759.0
2017-02-06,63.5,63.65,63.14,63.64,19796360.0
2017-02-07,63.74,63.78,63.23,63.43,20277226.0
2017-02-08,63.57,63.81,63.22,63.34,18096358.0
2017-02-09,63.52,64.435,63.32,64.06,22644443.0
2017-02-10,64.25,64.3,63.975,64.0,18170729.0
2017-02-13,64.24,64.86,64.13,64.72,22920101.0
2017-02-14,64.41,64.72,64.02,64.57,23108426.0
2017-02-15,64.5,64.57,64.155,64.53,17005157.0
2017-02-16,64.74,65.24,64.44,64.52,20546345.0
2017-02-17,64.47,64.69,64.3,64.62,21248818.0
2017-02-21,64.61,64.95,64.45,64.49,20655869.0
2017-02-22,64.33,64.39,64.05,64.36,19292651.0
2017-02-23,64.42,64.7285,64.195,64.62,20273128.0
2017-02-24,64.53,64.8,64.135,64.62,21796800.0
2017-02-27,64.54,64.54,64.045,64.23,15871507.0
2017-02-28,64.08,64.2,63.76,63.98,23239825.0
2017-03-01,64.13,64.99,64.0218,64.94,26937459.0
2017-03-02,64.69,64.75,63.88,64.01,24539597.0
2017-03-03,63.99,64.28,63.62,64.25,18139405.0
2017-03-06,63.97,64.56,63.81,64.27,18750255.0
2017-03-07,64.19,64.775,64.19,64.4,18520987.0
2017-03-08,64.26,65.085,64.25,64.99,21510907.0
2017-03-09,65.19,65.2,64.48,64.73,19846832.0
2017-03-10,65.11,65.26,64.75,64.93,19538245.0
2017-03-13,65.01,65.195,64.57,64.71,20100035.0
2017-03-14,64.53,64.55,64.15,64.41,14280202.0
2017-03-15,64.55,64.92,64.25,64.75,24833810.0
2017-03-16,64.75,64.76,64.3,64.64,20674296.0
2017-03-17,64.91,65.24,64.68,64.87,49219686.0
2017-03-20,64.91,65.175,64.72,64.93,14598083.0
2017-03-21,65.19,65.5,64.13,64.21,26640480.0
2017-03-22,64.12,65.14,64.12,65.03,20680015.0
2017-03-23,64.94,65.235,64.765,64.87,19269203.0
2017-03-24,65.36,65.45,64.76,64.98,22617105.0
2017-03-27,64.63,65.22,64.35,65.1,18614662.0
2017-03-28,64.96,65.47,64.65,65.29,20080358.0
2017-03-29,65.12,65.5,64.9475,65.47,13618424.0
2017-03-30,65.42,65.98,65.36,65.71,15122823.0
2017-03-31,65.65,66.19,65.45,65.86,21040331.0
2017-04-03,65.81,65.94,65.19,65.55,20400871.0
2017-04-04,65.39,65.81,65.28,65.73,12997449.0
2017-04-05,66.3,66.35,65.4443,65.56,21448594.0
2017-04-06,65.6,66.055,65.48,65.73,18103453.0
2017-04-07,65.85,65.96,65.44,65.68,14089274.0
2017-04-10,65.61,65.82,65.36,65.53,17952742.0
2017-04-11,65.6,65.61,64.85,65.48,18791533.0
2017-04-12,65.42,65.51,65.11,65.23,17108513.0
2017-04-13,65.29,65.86,64.95,64.95,17896483.0
2017-04-17,65.04,65.49,65.01,65.48,16689265.0
2017-04-18,65.33,65.71,65.16,65.39,15155611.0
2017-04-19,65.65,65.75,64.89,65.04,26992771.0
2017-04-20,65.46,65.75,65.14,65.5,22299477.0
2017-04-21,65.67,66.7,65.45,66.4,32522645.0
2017-04-24,67.48,67.66,67.1,67.53,29721254.0
2017-04-25,67.9,68.04,67.6,67.92,29983174.0
2017-04-26,68.08,68.31,67.62,67.83,25544417.0
2017-04-27,68.15,68.38,67.58,68.27,32219234.0
2017-04-28,68.91,69.14,67.69,68.46,38940853.0
2017-05-01,68.68,69.55,68.5,69.41,31304672.0
2017-05-02,69.71,69.71,69.13,69.3,23000828.0
2017-05-03,69.38,69.38,68.71,69.08,28725646.0
2017-05-04,69.03,69.08,68.64,68.81,21421413.0
2017-05-05,68.9,69.03,68.485,69.0,18882845.0
2017-05-08,68.97,69.05,68.42,68.94,18446053.0
2017-05-09,68.86,69.28,68.68,69.04,22318181.0
2017-05-10,68.99,69.56,68.92,69.31,17842038.0
2017-05-11,68.36,68.73,68.12,68.46,27985424.0
2017-05-12,68.61,68.61,68.04,68.38,17073013.0
2017-05-15,68.14,68.48,67.57,68.43,30705323.0
2017-05-16,68.23,69.44,68.16,69.41,33250702.0
2017-05-17,68.89,69.1,67.43,67.48,29964198.0
2017-05-18,67.4,68.13,67.14,67.71,24789790.0
2017-05-19,67.5,68.095,67.43,67.69,26496478.0
2017-05-22,67.89,68.5,67.5,68.45,15484530.0
2017-05-23,68.72,68.75,68.38,68.68,15347877.0
2017-05-24,68.87,68.88,68.45,68.77,14422965.0
2017-05-25,68.97,69.88,68.91,69.62,21702912.0
2017-05-26,69.8,70.22,69.52,69.96,19644260.0
2017-05-30,69.79,70.41,69.77,70.41,16901792.0
2017-05-31,70.53,70.74,69.81,69.84,29538356.0
2017-06-01,70.24,70.61,69.451,70.1,21066468.0
2017-06-02,70.44,71.86,70.24,71.76,34586054.0
2017-06-05,71.97,72.89,71.81,72.28,29507429.0
2017-06-06,72.3,72.62,72.27,72.52,31220057.0
2017-06-07,72.635,72.77,71.95,72.39,21895156.0
2017-06-08,72.51,72.52,71.5,71.95,23982410.0
2017-06-09,72.035,72.08,68.59,70.32,48619420.0
2017-06-12,69.25,69.94,68.13,69.78,47363986.0
2017-06-13,70.02,70.82,69.96,70.65,24815455.0
2017-06-14,70.91,71.1,69.43,70.27,25271276.0
2017-06-15,69.27,70.21,68.8,69.9,25701569.0
2017-06-16,69.73,70.0252,69.22,70.0,46911637.0
2017-06-19,70.5,70.945,70.35,70.87,23146852.0
2017-06-20,70.82,70.87,69.87,69.91,20775590.0
2017-06-21,70.21,70.62,69.94,70.27,19190623.0
2017-06-22,70.54,70.59,69.71,70.26,22222851.0
2017-06-23,70.09,71.25,69.92,71.21,23176418.0
2017-06-26,71.4,71.71,70.445,70.53,19308122.0
2017-06-27,70.11,70.18,69.18,69.21,24862560.0
2017-06-28,69.21,69.841,68.79,69.8,25226070.0
2017-06-29,69.38,69.49,68.09,68.49,28231562.0
2017-06-30,68.78,69.38,68.74,68.93,23039328.0
2017-07-03,69.33,69.6,68.02,68.17,16165500.0
2017-07-05,68.255,69.44,68.22,69.08,20174523.0
2017-07-06,68.27,68.78,68.12,68.57,20776555.0
2017-07-07,68.7,69.84,68.7,69.46,15897154.0
2017-07-10,69.46,70.25,69.2,69.98,14903400.0
2017-07-11,70.0,70.68,69.75,69.99,16880205.0
2017-07-12,70.69,71.28,70.55,71.15,17382861.0
2017-07-13,71.5,72.0399,71.31,71.77,20149208.0
2017-07-14,72.24,73.27,71.96,72.78,25689303.0
2017-07-17,72.8,73.45,72.72,73.35,21481069.0
2017-07-18,73.09,73.39,72.66,73.3,26150272.0
2017-07-19,73.5,74.04,73.45,73.86,21769229.0
2017-07-20,74.18,74.3,73.28,74.22,34174677.0
2017-07-21,73.45,74.29,73.17,73.79,45302930.0
2017-07-24,73.53,73.75,73.13,73.6,20836422.0
2017-07-25,73.8,74.31,73.5,74.19,21522189.0
2017-07-26,74.34,74.38,73.81,74.05,15850344.0
2017-07-27,73.76,74.42,72.32,73.16,35518251.0
2017-07-28,72.67,73.31,72.54,73.04,17472880.0
2017-07-31,73.3,73.44,72.41,72.7,23151962.0
2017-08-01,73.1,73.42,72.49,72.58,19060885.0
2017-08-02,72.55,72.56,71.445,72.26,26405096.0
2017-08-03,72.19,72.44,71.845,72.15,17937522.0
2017-08-04,72.4,73.04,72.24,72.68,22579000.0
2017-08-07,72.8,72.9,72.26,72.4,18705700.0
2017-08-08,72.09,73.13,71.75,72.79,21446993.0
2017-08-09,72.25,72.51,72.05,72.47,20401071.0
2017-08-10,71.9,72.19,71.35,71.41,23153711.0
2017-08-11,71.61,72.7,71.28,72.5,21121250.0
2017-08-14,73.06,73.72,72.95,73.59,19756773.0
2017-08-15,73.59,73.59,73.04,73.22,17791179.0
2017-08-16,73.34,74.1,73.17,73.65,17814317.0
2017-08-17,73.58,73.87,72.4,72.4,21834250.0
2017-08-18,72.27,72.84,71.93,72.49,18215276.0
2017-08-21,72.47,72.48,71.7,72.15,17656716.0
2017-08-22,72.35,73.24,72.35,73.16,14183146.0
2017-08-23,72.96,73.15,72.53,72.72,13586784.0
2017-08-24,72.74,72.86,72.07,72.69,15980144.0
2017-08-25,72.86,73.35,72.48,72.82,12574503.0
2017-08-28,73.06,73.09,72.55,72.83,14112777.0
2017-08-29,72.25,73.16,72.05,73.05,11325418.0
2017-08-30,73.01,74.2099,72.8293,74.01,16826094.0
2017-08-31,74.03,74.96,73.8,74.77,26688077.0
2017-09-01,74.71,74.74,73.64,73.94,21593192.0
2017-09-05,73.34,73.89,72.98,73.61,21432599.0
2017-09-06,73.74,74.04,73.35,73.4,15945136.0
2017-09-07,73.68,74.6,73.6,74.34,17165518.0
2017-09-08,74.33,74.44,73.84,73.98,14474383.0
2017-09-11,74.31,74.945,74.31,74.76,17428067.0
2017-09-12,74.76,75.24,74.37,74.68,14003880.0
2017-09-13,74.93,75.23,74.55,75.21,12998629.0
2017-09-14,75.0,75.49,74.52,74.77,15373384.0
2017-09-15,74.83,75.39,74.07,75.31,37901927.0
2017-09-18,75.23,75.97,75.04,75.16,22730355.0
2017-09-19,75.21,75.71,75.01,75.44,15606870.0
2017-09-20,75.35,75.55,74.31,74.94,20415084.0
2017-09-21,75.11,75.24,74.11,74.21,19038998.0
2017-09-22,73.99,74.51,73.85,74.41,13969937.0
2017-09-25,74.09,74.25,72.92,73.26,23502422.0
2017-09-26,73.67,73.81,72.99,73.26,17105469.0
2017-09-27,73.55,74.17,73.17,73.85,18934048.0
2017-09-28,73.54,73.97,73.31,73.87,10814063.0
2017-09-29,73.94,74.535,73.88,74.49,16700435.0
2017-10-02,74.71,75.01,74.295,74.61,15210338.0
2017-10-03,74.67,74.88,74.195,74.26,11935853.0
2017-10-04,74.0,74.72,73.71,74.69,13287346.0
2017-10-05,75.22,76.12,74.96,75.97,20656238.0
2017-10-06,75.67,76.03,75.54,76.0,13692791.0
2017-10-09,75.97,76.55,75.86,76.29,11364275.0
2017-10-10,76.33,76.63,76.14,76.29,13734627.0
2017-10-11,76.36,76.46,75.95,76.42,14780652.0
2017-10-12,76.49,77.29,76.37,77.12,16778148.0
2017-10-13,77.59,77.87,77.29,77.49,15250772.0
2017-10-16,77.42,77.81,77.35,77.65,12331147.0
2017-10-17,77.47,77.62,77.25,77.59,15953665.0
2017-10-18,77.67,77.85,77.37,77.61,13147124.0
2017-10-19,77.57,77.93,77.35,77.91,14982129.0
2017-10-20,78.32,78.97,78.22,78.81,22517092.0
2017-10-23,78.99,79.34,78.76,78.83,20479731.0
2017-10-24,78.9,79.2,78.46,78.86,16613928.0
2017-10-25,78.58,79.1,78.01,78.63,19714512.0
2017-10-26,79.2,79.42,78.75,78.76,29181652.0
2017-10-27,84.37,86.2,83.61,83.81,70877350.0
2017-10-30,83.7,84.325,83.105,83.89,31291801.0
2017-10-31,84.36,84.36,83.11,83.18,26728947.0
2017-11-01,83.68,83.76,82.88,83.18,22039635.0
2017-11-02,83.35,84.46,83.12,84.05,23822964.0
2017-11-03,84.08,84.54,83.4,84.14,17569120.0
2017-11-06,84.2,84.7,84.0825,84.47,19039847.0
2017-11-07,84.77,84.9,83.93,84.27,17152583.0
2017-11-08,84.14,84.61,83.83,84.56,18034170.0
2017-11-09,84.11,84.27,82.9,84.09,20924172.0
2017-11-10,83.79,84.095,83.23,83.87,19340435.0
2017-11-13,83.66,83.94,83.46,83.93,14080820.0
2017-11-14,83.5,84.1,82.98,84.05,18604034.0
2017-11-15,83.47,83.69,82.69,82.98,19097333.0
2017-11-16,83.1,83.42,82.94,83.2,20659209.0
2017-11-17,83.12,83.12,82.24,82.4,21715498.0
2017-11-20,82.4,82.59,82.25,82.53,16072495.0
2017-11-21,82.74,83.84,82.74,83.72,21237454.0
2017-11-22,83.83,83.9,83.04,83.11,20213704.0
2017-11-24,83.01,83.43,82.78,83.26,7425503.0
2017-11-27,83.31,83.98,83.3,83.87,17603760.0
2017-11-28,84.07,85.06,84.02,84.88,21162639.0
2017-11-29,84.71,84.9172,83.175,83.34,27358477.0
2017-11-30,83.51,84.52,83.34,84.17,32998408.0
2017-12-01,83.6,84.81,83.22,84.26,29387325.0
2017-12-04,84.42,84.4299,80.7,81.08,37977732.0
2017-12-05,81.34,82.68,80.9801,81.59,25512120.0
2017-12-06,81.55,83.14,81.43,82.78,24821403.0
2017-12-07,82.54,82.8,82.0,82.49,20378114.0
2017-12-08,83.63,84.58,83.33,84.16,23825056.0
2017-12-11,84.29,85.37,84.12,85.23,19909119.0
2017-12-12,85.31,86.05,85.08,85.58,23534946.0
2017-12-13,85.74,86.0,85.17,85.35,21307911.0
2017-12-14,85.43,85.8739,84.53,84.69,19080106.0
2017-12-15,85.26,87.09,84.88,86.85,52430167.0
2017-12-18,87.12,87.4999,86.23,86.38,21551076.0
2017-12-19,86.35,86.35,85.27,85.83,23241979.0
2017-12-20,86.2,86.3,84.71,85.52,23425009.0
2017-12-21,86.05,86.1,85.4,85.5,16638402.0
2017-12-22,85.4,85.63,84.92,85.51,14033977.0
2017-12-26,85.31,85.5346,85.03,85.4,9737412.0
2017-12-27,85.65,85.98,85.215,85.71,13000828.0
2017-12-28,85.9,85.93,85.55,85.72,9872795.0
2017-12-29,85.63,86.05,85.5,85.54,18162779.0
